{
    "usuarios": [
        {
            "id": 1,
            "nombre":"Benjamin Romero",
            "edad":"25",
            "fechanacimiento":"10-05-1998",
            "numerotelefono":"983829415",
            "carrera":"Ingeniería en Informatica",
            "jornada":"Diurno",
            "correo":"Benja.Romero@gmail.com",
            "contraseña":"B12345678"
        },
        {
            "id": 2,
            "nombre":"Jairo Echavarria",
            "edad":"20",
            "fechanacimiento":"20-08-2003",
            "numerotelefono":"983829415",
            "carrera":"Animación Digital",
            "jornada":"Vespertino",
            "correo":"ja.echavarria@duocuc.cl",
            "contraseña":"E12345678"
        }
    ],
    "asignaturas": [
        {
            "seccion":"001",
            "asignatura":"Matematica",
            "profesor":"Carla Fabiola",
            "hora":"10:10",
            "dia":"Lunes"
        },
        {
            "seccion":"002",
            "asignatura":"Ingles",
            "profesor":"Roberto Becerra",
            "hora":"15:30",
            "dia":"Martes"
        },
        {
            "seccion":"003",
            "asignatura":"Lenguaje",
            "profesor":"Joaquin Avila",
            "hora":"09:00",
            "dia":"Viernes"
        }
    ]
}
